content,label
La législation juridique et financière évolue en permanence... Pour mieux gérer vos finances et mieux défendre vos droits restez informé avec notre lettre gratuite Recevez notre newsletter Les informations recueillies sont destinées à CCM Benchmark Group pour vous assurer l envoi de votre newsletter. Elles seront également utilisées sous réserve des options souscrites à des fins de ciblage publicitaire. Vous bénéficiez d un droit d accès et de rectification de vos données personnelles ainsi que celui d en demander l effacement dans les limites prévues par la loi. Vous pouvez également à tout moment revoir vos options en matière de ciblage. En savoir plus sur notre politique de confidentialité.,désinsectisation/dératisation
Impôt   le nouveau barème La prime à la casse Diesel Préavis et contrat de travail Chômage après démission Prime d activité calcul et montant,désinsectisation/dératisation
Guide pratique des Donations Successions Transmission du patrimoine tout ce qu il faut savoir,désinsectisation/dératisation
Cesu mode d emploi Simulation de la prime d activité APL montant et conditions Actualisation Pole Emploi Smic   brut et net Le certificat de cession Renouveler sa carte d identité Pajemploi et Urssaf Travail à temps partiel Salaire brut en net,désinsectisation/dératisation
Notre lexique juridique Dictionnaire du droit tous les mots clés de A à Z.,désinsectisation/dératisation
Passeport demande et renouvellement Paje montant et conditions Certificat de non gage Consulter le cadastre Le Chèque Energie Lettre de démission Le congé parental Attestation d hébergement Le congé maternité Payer ses amendes par internet,désinsectisation/dératisation
Tous nos modèles de lettres Location justice banque assurances vacances formalités consommation ...,désinsectisation/dératisation
Bonjour Nous avons remarqué la présence de rats dans notre jardin et les parties communes où nous logeons en location. Hier nous nous sommes aperçu que les rats avaient pénétré dans le véhicule de mon conjoint et avaient fait des dégâts notamment sur les sièges avant et la plage arrière mangés en partie les dégâts sont importants.Nous avons averti l agence qui gère la location qui nous a dit avoir informé le propriétaire. Ma question concerne les dégâts. Qui les prend en charge Le propriétaire fait entretenir les parties communes par un jardinier et nous avons du mal à croire qu il ne s en est pas rendu compte avant. Après une petite enquête de voisinage il s avère que les rats sont là depuis un moment.Merci pour votre réponse. Cordialement A. D,désinsectisation/dératisation
Question pourquoi vous n avez pas agit non plus contre les rats dès la première vue Car les problèmes de dératisation sont à votre charge normalement.Il me semble que ça incombe bel et bien à l occupant donc le locataire.S il y a un problème sanitaire dans le quartier il faut peut être faire remonter l information à la mairie.,désinsectisation/dératisation
Je lis jardin et parties commune j en déduis que c est une copropriété et c est donc vers la copropriété qu il faut se tourner pour la dératisation. Agir uniquement dans un des lots ne servira à rien. Du coup comme le locataire n est pas censé contacter la copro c est bien vers le propriétaire que les demandes doivent être faites pour la dératisation.La dératisation fera l objet d un montant dont il faut voir si les textes ont prévu qu il soit récupérable mais c est bien possible.Pour ce qui est des dégâts voir si votre contrat d assurance couvre tous risques mais j ai bien peur que rien ne soit possible contre un tiers sauf à prouver une grande négligence de la copro.Enfin agissez rapidement pour la dératisation ces animaux sont porteurs entre autre de leptospirose entre autre que les animaux de compagnies peuvent attraper. Ce n est pas anodin.,désinsectisation/dératisation
La présence des rats est surement du a un environnement favorable faut donc tout bien nettoyer et couper toute sorte d alimentation possible et pour plus d efficacité poser quelques piéges style bonirat très efficace Vous pouvez aussi contacter votre mairie c est de leur responsabilité de traiter les espaces publics et les égouts au moins   fois par an,désinsectisation/dératisation
